{
    "intents": [
        {"tag": "Greeting",
     "patterns": ["Hi", "How are you", "Is anyone there?", "Hello", "Good day", "Whats up"],
     "responses": ["Hello!", "Welcome to FCI", "Good to see you again!", "Hi there, how can I help?"],
     "context_set": ""
    },

    {"tag": "FCI Member",
    "patterns": ["How do I become a member of FCI society?", "How can I join the FCI society?"],
    "responses": ["You have to be a student to join the society." , "The FCI Society aims to ensure that every student pursuing a career in the field of Computing and Informatics is well informed, to be one of be the best candidate in the ever-growing field of Information and Communication Technology."],
    "context_set": ""
 },

 {"tag": "Mid-term",
 "patterns": ["When does the mid-term start?", "Is there a mid-term break?", "Goodbye", "When does the mid-term end?"],
 "responses": ["Here is a link to the institute’s calendar https://www.nust.na/sites/default/files/documents/2022-INSTITUTIONAL-CALENDAR-WITH-EXAM-SESSIONS-Series3.pdf"],
 "context_set": ""
}, 

{"tag": "Foreign student",
"patterns": ["How can a foreign student enroll?", "How do foreign students enroll?", "How do foreign students register?"],
"responses": ["If you have written a Namibian matriculation, but you are not a Namibian citizen, you would require to obtain a Study Visa. Even if your school Study Visa is still valid, you must apply for a change of conditions to study at NUST. Visas are not interchangeable or transferable. This also applies to students who change universities. You can only study at NUST with a Study Visa that clearly states ‘to study at NUST’ or any of its variations. Did you find what you were looking for?"],
"context_set": ""
}, 

{"tag": "Registration cost",
"patterns": ["How much does registration cost?", "What are the registration fees?", "Any fees upon registration?"],
"responses": ["It is currently N$ N$4,200 for undergraduate and N$8,400 for postgraduate.", "Here is a link to the fees booklet https://www.nust.na/sites/default/files/documents/2021FeesBooklet.pdf"],
"context_set": ""
}, 

{"tag": "Admission Requirements",
"patterns": ["How many points do I need to register at NUST?", "What are the minimum requirements?", "What are the minimum admission requirements"],
"responses": ["NUST uses the Admission Point Scale to facilitate admission based on your school-leaving results. Your school-leaving subject symbols or percentages are converted into points, then added up to determine if you have obtained the minimum number of points required to be considered for entry into your preferred programme of study."],
"context_set": ""
}, 

{"tag": "Prospective student",
"patterns": ["I am a prospective student.", "Where can I get more specific information for prospective students?"],
"responses": ["Welcome", "Thank you for choosing NUST", "Download the following on the NUST website, Yearbook: Electronic Booklet providing all information on fuculty. Detailed course description, admission requirement etc. http://www.nust.na/?q=download/annual-reports-documents", "Guide to prospective students: Information on studying at NUST pertaining to prospective students. http://www.nust.na/?q=study-nust/prospective-students", "Tuition Fees: http://www.nust.na/?q=download/annual-reports-documents", "For all general information and Application Forms: http://www.nust.na/?q=study-nust"],
"context_set": ""
},

{"tag": "Mature Age",
"patterns": ["How does the mature age entry scheme work?", "What is mature age entry?"],
"responses": ["It is for applicants who do not meet the General Admission Requirements, but who have passed at least Grade 10/ Standard 8 and are at least 23 years of age. Here is a link to a Guide to Prospective Students for more details https://www.nust.na/sites/default/files/documents/Guide-to-Prospective-Students-2023.pdf"],
"context_set": ""
}, 

{"tag": "Programmes",
"patterns": ["What programmes are available?", "Which programmes can I apply for?", "Which programmes are under this faculty"],
"responses": ["Follow the link to get more information: https://www.nust.na/sites/default/files/documents/Application%20Information%20for%20Admission%202022.pdf", "Please familiarise yourself with the different programmes, Here is a link to the faculties year book for more details https://www.nust.na/sites/default/files/documents/Part%204-FCI_yearbook_23092021.pdf"],
"context_set": ""
},

{"tag": "Faculty Dean",
"patterns": ["Who is the Dean of faculty of computing and informatics?", "Who is the Dean of FCI?"],
"responses": ["Prof Fungai Bhunu Shava is the Acting Executive Dean. Here is a link to the faculty’s personnel structure http://fci.nust.na/?q=list-all-staff"],
"context_set": ""
},

{"tag": "Accommodation",
"patterns": ["Does NUST accommodate students?", "Is there accommodation for NUST students?"],
"responses": ["NUST hostel accommodation provides quality living quarters. There are three (3) hostels with a capacity of 440 beds. There are two (2) female hostels and one (1) male hostel. The three (3) Hostel Superintendents are assisted by ten (10) Housing Committee (HC) Members"],
"context_set": ""
},

{"tag": "Sport",
"patterns": ["Does NUST participate in any sport related activities?", "Are there any sports for NUST students?"],
"responses": ["NUST sport activities provide students with a well-balanced and stimulating extra-curricular environment. It provides a platform for students to participate in a variety of sports. Students are encouraged to explore their sport talents. The Trophy Award Ceremony recognizes both sport and cultural achievements. Here is link to our sports gallery https://www.nust.na/?q=university-administration/studentservices/galleries/sport-clubs-cultural-societies"],
"context_set": ""
},
    {"tag": "goodbye",
    "patterns": ["see you", "See you later", "Goodbye", "I am Leaving", "Have a Good day"],
    "responses": ["Sad to see you go :(", "Talk to you later", "Goodbye!"],
    "context_set": ""
 },
 {"tag": "Greeting",
     "patterns": ["Hi", "How are you", "Is anyone there?", "Hello", "Good day", "Whats up"],
     "responses": ["Hello!", "Welcome to FCI", "Good to see you again!", "Hi there, how can I help?"],
     "context_set": ""
    },

    {"tag": "Application fees",
     "patterns": ["How much is an application form?", "What is the cost of an application form?"],
     "responses": ["Depends on whether you apply online or manually.", "Online is free, while manually, Undergraduate N$230, Postgraduate N$350."],
     "context_set": ""
    },

   {"tag": "Online application",
     "patterns": ["Why do I have to apply online?", "Why an online application?", "Why should I apply online?"],
     "responses": ["Our online application is secure and easy to use", "Applying online provides you with immediate notification that your application has been received.", "You will also be able to follow the progress of your application. Applying online is free!"],
     "context_set": ""
   },

   {"tag": "Manual application",
     "patterns": ["How do I go about the manual application?", "How can I access the application form?", "Where are the application forms?"],
     "responses": ["Follow this link and get your application form https://admission.nust.na/Applicationforms.html", "Either on campus or on the nust website."],
     "context_set": ""
   },

    {"tag": "Application deadline",
     "patterns": ["When do applications close?", "When is the deadline for applications?"],
     "responses": ["30 September 2022", "Follow the link to get the date and more information: https://www.nust.na/sites/default/files/documents/Application%20Information%20for%20Admission%202022.pdf"],
     "context_set": ""
    },

    {"tag": "Registration cost",
"patterns": ["How much does registration cost?", "What are the registration fees?", "Any fees upon registration?"],
"responses": ["It is currently N$ N$4,200 for undergraduate and N$8,400 for postgraduate.", "Here is a link to the fees booklet https://www.nust.na/sites/default/files/documents/2021FeesBooklet.pdf"],
"context_set": ""
}, 
    {"tag": "Programmes",
     "patterns": ["What programmes are available?", "Which programmes can I apply for?", "Which programmes are under this faculty"],
     "responses": ["Follow the link to get more information: https://www.nust.na/sites/default/files/documents/Application%20Information%20for%20Admission%202022.pdf", "Please familiarise yourself with the different programmes, Here is a link to the faculties year book for more details https://www.nust.na/sites/default/files/documents/Part%204-FCI_yearbook_23092021.pdf"],
     "context_set": ""
    },

    {"tag": "Admission Requirements",
     "patterns": ["What are the minimum admission requirements?", "What qualifications do I need?"],
     "responses": ["Follow the link to get more information: https://www.nust.na/sites/default/files/documents/Application%20Information%20for%20Admission%202022.pdf", "Undergraduates: 25 points in 5 subjects at final year level according to the NUST Admission Point Scale, including a minimum E-symbol in English and a D-symbol in Mathematics at NSSC(O) Level. A C-symbol in Mathematics for CyberSecurity. Current final year school learners must apply with their August results.", 
                   "Postgraduate Studies: A recognised degree in a related discipline or an equivalent qualification at NQF Level 7 for Honours degrees, NQF Level 8 for Masters degrees and NQF Level 9 for Doctor of Philosophy degrees"],
     "context_set": ""
    },

   {"tag": "Yearbook",
     "patterns": ["Where can I get the yearbook?", "How can I acces the yearbook", "Do you have a yearbook?", "Is there a yearbook available"],
     "responses": ["The yearbook is available on the nust website.", "Follow the link https://www.nust.na/sites/default/files/documents/Guide-to-Prospective-Students-2023.pdf"],
     "context_set": ""
   },

  {"tag": "Prospective student",
     "patterns": ["I am a prospective student.", "Where can I get more specific information for prospective students?"],
     "responses": ["Welcome", "Thank you for choosing NUST", "Download the following on the NUST website, Yearbook: Electronic Booklet providing all information on fuculty. Detailed course description, admission requirement etc. http://www.nust.na/?q=download/annual-reports-documents", "Guide to prospective students: Information on studying at NUST pertaining to prospective students. http://www.nust.na/?q=study-nust/prospective-students", "Tuition Fees: https://www.nust.na/?q=download/annual-reports-documents", "For all general information and Application Forms: http://www.nust.na/?q=study-nust"],
     "context_set": ""
   },

  {"tag": "Application place",
     "patterns": ["Where can I apply?", "Can I apply from anywhere?"],
     "responses": ["Anywhere online or physically on campus", "From your home, work or any computer with Internet connection anywhere in the world! Strategic Online Application Stations at the Main Campus as well as at the Regional Centres are established for those applicants who do not have access to internet services."],
     "context_set": ""
   },

 {"tag": "Applications Requirements",
     "patterns": ["What must be in place before I apply online?", "What do I need in order to apply online?", "Do I need anything to apply online?"],
     "responses": ["Valid e-mail address", "You need a valid email address before submitting an electronic application. An email address can be obtained from any one of the free e-mail providers e.g. www.hotmail.com, www.yahoo.com or www.gmail.com etc."],
     "context_set": ""
   }, 

  {"tag": "Current/Previous NUST Students",
     "patterns": ["How do current NUST students apply?", "How do previous NUST students apply?"],
     "responses": ["Logon to your kiosk, under Registered Students" , "Current or previous NUST students who wish to apply for another or change their programme of study or who wants to resume with their studies, should NOT complete a new application record but MUST login under, Registered Users, on the Student Kiosk."],
     "context_set": ""
  },

    {"tag": "Complete Application",
     "patterns": ["When is my application completed?", "When is the application process completed?", "How do I know that the application is completed?"],
     "responses": ["When all steps have been completed and documents uploaded.", "You have completed all the necessary steps and receive the message, your application has been successfully lodged,; and uploaded all supporting documents.", "You will receive an acknowledgement letter soon. Your admission letter will be sent to you by email and postal services by December 2022. Please make sure that your email address is correct and valid."],
     "context_set": ""
  },

  {"tag": "Uploaded documents",
     "patterns": ["What documents must be uploaded?", "What documents do I need to upload?", "WHa documents are required?"],
     "responses": ["All Applicants: Identity Document/ Birth Certificate (Namibian Citizens); Passport (non-Namibian citizens. Latest School Results e.g. Namibian Senior Secondary Certificate (NSSC), International General Certificate of Education (IGCSE) or for current Grade 11/12 learners, August Results.Declaration and Undertaking. If you are under the age of 18, the form must be co-signed by legal guardian or parent.",
                   "Postgraduate and Advanced Standing Applicants: Qualification ls) obtained after Grade 12 (e.g. Diploma, Degree etc.). Original Academic Record//transcript from the institution where you have studied as well as the complete syllabi. Applicants for Masters or Doctorate programmes should also attach a Curriculum Vitae and Motivational Letter or Proposal as per different programmes requirements.",
                   "Foreign applicants: Latest qualification in original language. Certified translations of all foreign language documents including the qualifications; and Namibian Qualifications Authority (NOA) Evaluation if the qualification is obtained outside the SADC Region."],
     "context_set": ""
  },

  {"tag": "Feedback",
     "patterns": ["I applied but did not receive any feedback…", "What could delay my feedback", "Goodbye"],
     "responses": ["Is your email or postal address correct?", "Did you complete your application by choosing and saving the programme of studies [Step 6)?", "Did you upload all the necessary documents?", "You can enquire by writing an email or enquire personally during December 2022 or January 2023."],
     "context_set": ""
  },

  {"tag": "Faculty Dean",
"patterns": ["Who is the Dean of faculty of computing and informatics?", "Who is the Dean of FCI?"],
"responses": ["Prof Fungai Bhunu Shava is the Acting Executive Dean. Here is a link to the faculty’s personnel structure http://fci.nust.na/?q=list-all-staff"],
"context_set": ""
},

{"tag": "Accommodation",
"patterns": ["Does NUST accommodate students?", "Is there accommodation for NUST students?"],
"responses": ["NUST hostel accommodation provides quality living quarters. There are three (3) hostels with a capacity of 440 beds. There are two (2) female hostels and one (1) male hostel. The three (3) Hostel Superintendents are assisted by ten (10) Housing Committee (HC) Members"],
"context_set": ""
},
{"tag": "Sport",
"patterns": ["Does NUST participate in any sport related activities?", "Are there any sports for NUST students?"],
"responses": ["NUST sport activities provide students with a well-balanced and stimulating extra-curricular environment. It provides a platform for students to participate in a variety of sports. Students are encouraged to explore their sport talents. The Trophy Award Ceremony recognizes both sport and cultural achievements. Here is link to our sports gallery https://www.nust.na/?q=university-administration/studentservices/galleries/sport-clubs-cultural-societies"],
"context_set": ""
},

  {"tag": "Contact",
     "patterns": ["Who can I contact?", "Are there any contact details available?", "Who can I contact during application"],
     "responses": ["For enquires, email: admissions@nust.na or call: +264612072056"],
     "context_set": ""
  },

  {"tag": "More Information",
     "patterns": ["Where can I get more information?", "For more information..?"],
     "responses": ["For more information follow this link https://admission.nust.na/contact.html#info1-2k"],
     "context_set": ""
  },

  {"tag": "goodbye",
     "patterns": ["see you", "See you later", "Goodbye", "I am Leaving", "Have a Good day"],
     "responses": ["Sad to see you go :(", "Talk to you later", "Goodbye!"],
     "context_set": ""
  },
  {"tag": "greeting",
     "patterns": ["Hi", "How are you", "Is anyone there?", "Hello", "Good day", "Whats up"],
     "responses": ["Hello!", "Welcome to FCI", "Good to see you again!", "Hi there, how can I help?"],
     "context_set": ""
    },

    {"tag": "Internship",
     "patterns": ["Are there internships available","Does the faculty offer IT internship","has the faculty received any intership opportunity","internship?"],
     "responses": ["We post internship from various campanies on the NUST website!", "What field are you studying!","Internships are offered for different strands","Follow the link for internships", "https://ceu.nust.na/internships"],
     "context_set": ""
    },
    {"tag": "Graduation",
     "patterns": ["when is graduation", "what date is the graduation", "when is gradution being held?"],
     "responses": ["All graduation related information is provided on the NUST website!","Follow the link to get the actual dates: https://www.nust.na/?q=graduation.", "We host graduation ceremonies twice each year."],
     "context_set": ""
    },

    {"tag": "Lectures",
     "patterns": ["when are you guys starting", "when are classes commencing", "When are the students starting with lectures"],
     "responses": ["There is an institutional calendar on the NUST website!", "The institutional calendar has all the information you may need", "Click on the Link: https://www.nust.na/sites/default/files/documents/2022-INSTITUTIONAL-CALENDAR-WITH-EXAM-SESSIONS-Series3.pdf"],
     "context_set": ""
    },

    {"tag": "Contact details",
     "patterns": ["Id like to ask for the fuculty officer's number", "what is the faculty officer's Telephone", "where can I get the faculty officer's contact details?"],
     "responses": ["The telephone number is on this link: http://fci.nust.na/?q=content/contacts !", "The fuculty officer's contact details are on the fci website!", "For any additional informaton on all the fuculty staff, follow/click on the link below : http://fci.nust.na/?q=list-all-staff"],
     "context_set": ""
    },

   {"tag": "Class Timetable",
     "patterns": ["Where can I view my class Timetable", "Have the timetables been updated", "Are all class timetables uploaded?"],
     "responses": ["please view/Download your class timetables on NUST main website", "Timetables are updated at the beginning of each semester", "Follow the link, http://www.nust.na/?q=timetables"],
     "context_set": ""
   },

  {"tag": "Exam Timetable",
     "patterns": ["Where can I view my exam Timetable", "When is the exam starting", "Has the exam timetable been uploaded?"],
     "responses": ["Before Exam begins, we post the Exam timetable on the NUST website. It will usually be on the front page", "For individual exam timetable you can log into the ITS Student Kiosk", "Exam timetables are uploaded before exam begins"],
     "context_set": ""
   },

  {"tag": "Prospective student",
     "patterns": ["I am a prospective student.", "Where can I get more specific information for prospective students?"],
     "responses": ["Welcome", "Thank you for choosing NUST", "Download the following on the NUST website, Yearbook: Electronic Booklet providing all information on fuculty. Detailed course description, admission requirement etc. http://www.nust.na/?q=download/annual-reports-documents", "Guide to prospective students: Information on studying at NUST pertaining to prospective students. http://www.nust.na/?q=study-nust/prospective-students", "Tuition Fees: http://www.nust.na/?q=download/annual-reports-documents", "For all general information and Application Forms: http://www.nust.na/?q=study-nust"],
     "context_set": ""
   },

  {"tag": "Claim Form",
     "patterns": ["Where can I get NUST claim form", "How can one get a NUST claim form?"],
     "responses": ["The NUST claim form can be found on the NUST website", "Please click on the link: https: //www.nust.na/sites/default/files/documents/NUST%20Claim%20form.pdf", "For all claim procedures, click on the below link: https://www.nust.na/sites/default/files/documents/CLAIMS%20PROCEDURES.pdf"],
     "context_set": ""
   },

 {"tag": "Research",
     "patterns": ["Where can I get research papers", "I am intereested in your research  focus areas"],
     "responses": ["There are research papers from different focus areas available on fuculty website", "The fuculty focus areas' leads would gladly assist with all you may need", "Follow the link to focus areas avalible: http://fci.nust.na/?q=research-areas"],
     "context_set": ""
   }, 

  {"tag": "goodbye",
     "patterns": ["see you", "See you later", "Goodbye", "I am Leaving", "Have a Good day"],
     "responses": ["Sad to see you go :(", "Talk to you later", "Goodbye!"],
     "context_set": ""
  }
    ]
}